{
  "n_dates": 10195,
  "n_spreads": 55,
  "tenors": [
    "10Y",
    "1M",
    "1Y",
    "20Y",
    "2Y",
    "30Y",
    "3M",
    "3Y",
    "5Y",
    "6M",
    "7Y"
  ],
  "maturities_years": [
    10.0,
    0.08333333333333333,
    1.0,
    20.0,
    2.0,
    30.0,
    0.25,
    3.0,
    5.0,
    0.5,
    7.0
  ],
  "forecast_steps": 3,
  "rolling_window": 10,
  "created": "2025-11-26T20:00:00.574665"
}