{
  "train_loss": [
    0.0032777561913530455,
    0.0005667528172957323,
    0.0005300556987764256,
    0.0005036046960538457,
    0.0004915578326944135,
    0.00048494227702736793,
    0.0004811575026854645,
    0.0004849455553595434,
    0.00047756024651166804,
    0.0004728650347409777,
    0.00047233283475766203,
    0.0004765338802525931,
    0.0004730337857425634,
    0.00047146421417493777,
    0.00047073128756159536,
    0.0004670858303664633,
    0.00047086024648545995,
    0.0004627713173239374,
    0.00046063041842576725,
    0.0004569484140006936,
    0.00045654058281550367,
    0.0004589852096547527,
    0.0004530669160832186,
    0.00046121463218229983,
    0.0004556853884237834,
    0.0004542846612733093,
    0.0004506386294392988,
    0.00044906993704922794,
    0.0004469394182414652,
    0.00044637834269558435,
    0.0004454381619255784,
    0.0004437601986498153,
    0.00044278156325211265
  ],
  "val_loss": [
    0.0004621044216980113,
    0.00037914126287454976,
    0.00040083738202907994,
    0.0003771366935045018,
    0.00046905869624853843,
    0.0003861303026247844,
    0.00039503330057044997,
    0.00039268809550798735,
    0.00037293137332294586,
    0.00038383084206021,
    0.0003704864812311214,
    0.00038290776388384093,
    0.0003778768808638289,
    0.0003689059937533053,
    0.0003844267014233472,
    0.0004035919033159436,
    0.0003733503772367448,
    0.00037030628836406823,
    0.0003609753489513145,
    0.00036058683733682903,
    0.0003698249071768729,
    0.0003725261060390929,
    0.00035262953418331095,
    0.0003663752146144862,
    0.0003793969435590216,
    0.0003658552184859436,
    0.0004059611815397205,
    0.00035763198020348545,
    0.00036164937731024324,
    0.00035859354222187665,
    0.000366787467319761,
    0.0003559145214155333,
    0.0003650687438743115
  ],
  "val_mae": [
    0.015107608045289671,
    0.01290916300795444,
    0.012947963142863186,
    0.012330838851516835,
    0.014733648589814496,
    0.01288613476824644,
    0.012978277329701594,
    0.01272824723785857,
    0.012308200263170057,
    0.012799465232745067,
    0.012107547124492546,
    0.012933716655442433,
    0.012710891776060126,
    0.012246079255273443,
    0.013163484445110438,
    0.013666801263457552,
    0.012580829530767642,
    0.012234741387533566,
    0.01171406766645665,
    0.011629462758964952,
    0.012751712930368255,
    0.01285628432585587,
    0.011360643168884013,
    0.012198839513448348,
    0.012609669997431976,
    0.012155352187659455,
    0.013928108594054698,
    0.011670698731235959,
    0.012020241176654883,
    0.011627069145923794,
    0.011752577939737944,
    0.011535459323068922,
    0.011782136099517783
  ]
}