{
  "train_loss": [
    1.3545769390306974,
    1.2702813909242028,
    1.2354907699321445,
    1.2217608596149243,
    1.2229182861353223,
    1.2215036616513604,
    1.2195829482455003,
    1.2168159171154624,
    1.1977529949263523,
    1.1950167919460095,
    1.1933019820012545,
    1.190256331312029,
    1.1861668299687536,
    1.185457791937025,
    1.1782160942491733,
    1.1828478778663434,
    1.183274218910619,
    1.183727621247894,
    1.179174212248702,
    1.1766831012148606,
    1.1771548029623533,
    1.1780751794576645,
    1.178204163124687,
    1.176243519312457,
    1.176445553961553,
    1.176815241575241,
    1.1752582113993795,
    1.175047376438191,
    1.1782565469804562,
    1.1762872267710536,
    1.1748392519197965,
    1.1694271807607852,
    1.165872227988745,
    1.1655372859616029,
    1.1654986143112183,
    1.1614485069325096,
    1.1621389326296354,
    1.1618925834956921,
    1.1594585423406802,
    1.1583615792425055,
    1.1544529215285653,
    1.1535301577103765,
    1.150595223433093,
    1.1509097249884355,
    1.1532800707377886,
    1.1554170956737118,
    1.1526261372001547,
    1.1533648206999427,
    1.1527954771330482,
    1.1501987223562442
  ],
  "val_loss": [
    1.303115515332473,
    1.2376217528393394,
    1.2165129372948094,
    1.2220846226340847,
    1.219064342348199,
    1.216977430017371,
    1.2151166608459072,
    1.2039655070555837,
    1.1884324080065678,
    1.2005400155719959,
    1.1913741764269377,
    1.1861846227394908,
    1.1852772079016034,
    1.1790500314612138,
    1.1770604754749097,
    1.1805849953701621,
    1.182100236415863,
    1.1773528895880048,
    1.1739073050649542,
    1.1732862748597797,
    1.1783527292703326,
    1.1744843407681114,
    1.1759684995601052,
    1.1737225808595355,
    1.1759822525476153,
    1.1735098016889471,
    1.174683087750485,
    1.1723998910502385,
    1.1808646227184094,
    1.17656136500208,
    1.1706250341315019,
    1.1648803196455304,
    1.163627072384483,
    1.163627072384483,
    1.1596810849089372,
    1.1607794102869535,
    1.1601369663288719,
    1.157786670484041,
    1.157786670484041,
    1.1550995268319781,
    1.151255770733482,
    1.1490103225958974,
    1.1457973185338473,
    1.150811427517941,
    1.1527549561701322,
    1.1496437631155316,
    1.1481751705470837,
    1.151244762696718,
    1.1506063404836153,
    1.1468259190258228
  ],
  "val_mae": [
    0.9161422456565657,
    0.8833946632711511,
    0.8728404280386473,
    0.8756262220834431,
    0.8741160991944765,
    0.8730726336178026,
    0.8721422474635275,
    0.8665670925065091,
    0.8588001210438577,
    0.864853926395115,
    0.8602708687907771,
    0.8576762393901223,
    0.8572225225599188,
    0.8541089217913779,
    0.853114161052202,
    0.8548764162941983,
    0.8556340242687025,
    0.8532603445806002,
    0.851537569573051,
    0.8512270372164877,
    0.8537602706959373,
    0.851826095267346,
    0.85256815897791,
    0.8514452027647119,
    0.8525750370402085,
    0.8513388131794176,
    0.8519254405247537,
    0.8507838594286066,
    0.8550162346739518,
    0.8528645901303542,
    0.8498964309692383,
    0.8470240721577093,
    0.8463974469586423,
    0.8463974469586423,
    0.8444244532208693,
    0.8449736190469641,
    0.8446524017735532,
    0.8434772475769645,
    0.8434772475769645,
    0.842133680456563,
    0.8402117945645985,
    0.8390890720643496,
    0.8374825951300169,
    0.8399896370737177,
    0.8409613872829237,
    0.8394057954612532,
    0.8386715007455725,
    0.8402063015260195,
    0.8398870935565547,
    0.8379968734163987
  ]
}