{
  "loss": [
    3154.627685546875,
    -6626.78662109375,
    -2513.46240234375,
    -12872.2490234375,
    -15482.7177734375,
    -15611.0703125,
    -18392.099609375,
    -23586.69140625,
    -24999.673828125,
    -26976.984375,
    -33274.34375,
    -45319.5390625,
    -47543.0,
    -54405.11328125,
    -68655.2109375,
    -79545.2578125,
    -95891.5546875,
    -107236.203125,
    -115437.78125,
    -124968.1953125,
    -148830.609375,
    -168739.09375,
    -184127.609375,
    -211367.1875,
    -240316.609375,
    -265515.15625,
    -293192.28125,
    -331617.21875,
    -370611.25,
    -410763.90625,
    -450908.03125,
    -501024.375,
    -544881.625,
    -605611.5,
    -647859.9375,
    -714924.0,
    -775814.4375,
    -841876.5625,
    -907841.5625,
    -986707.875,
    -1062267.875,
    -1138636.75,
    -1217931.25,
    -1307254.5,
    -1407569.625,
    -1502043.625,
    -1594356.75,
    -1701646.125,
    -1813251.625,
    -1916933.625
  ],
  "avg_reward": [
    -0.05227051784064666,
    -0.05229604243609228,
    -0.05222759326122871,
    -0.052206229574687714,
    -0.05216441977881222,
    -0.052147310639914825,
    -0.05211651804135175,
    -0.05203709530750328,
    -0.052020189589363525,
    -0.05198222927280785,
    -0.05189696827591732,
    -0.051850175476310274,
    -0.051799132550848836,
    -0.05178698990782794,
    -0.05168501931443916,
    -0.051577932036708636,
    -0.05149960235227437,
    -0.0514396890637878,
    -0.051326187629062214,
    -0.05118833736249363,
    -0.05110796957094428,
    -0.0509811951771602,
    -0.05084543156965378,
    -0.05075184052857291,
    -0.05057517000759903,
    -0.050455700108078316,
    -0.050227638864560865,
    -0.05008702379546671,
    -0.0499008355205532,
    -0.04970826256915184,
    -0.049524892486621674,
    -0.04923924589895625,
    -0.049075223269735534,
    -0.04882711239516041,
    -0.048578176268273904,
    -0.04831370546601001,
    -0.048009819384522874,
    -0.047743231840770735,
    -0.04744329084398366,
    -0.04713307677702179,
    -0.04682317986883941,
    -0.046521481149028314,
    -0.0461314693462485,
    -0.045831954660002394,
    -0.04544538088652645,
    -0.04507552326178026,
    -0.04471181205015683,
    -0.044357407944161015,
    -0.04395076246372147,
    -0.04359445330419097
  ],
  "final_reward": [
    -0.05410510052310793,
    -0.058780378403133875,
    -0.057904030530711734,
    -0.056338504952606,
    -0.057900560891074974,
    -0.056429986221216324,
    -0.05514866649138084,
    -0.05565653936785764,
    -0.05718318066240669,
    -0.05562245548653193,
    -0.05727560217808106,
    -0.05508027254054525,
    -0.054652554323017515,
    -0.05322867847838978,
    -0.056826637332528164,
    -0.05092666624752871,
    -0.05392972014025167,
    -0.05523093290358626,
    -0.050792386690316695,
    -0.05736194462622149,
    -0.05330301142801006,
    -0.052872124972878604,
    -0.05449131913108849,
    -0.05212355256790531,
    -0.054669717758562844,
    -0.05234659583101585,
    -0.05234293229167701,
    -0.049401857230624256,
    -0.04770266839395947,
    -0.04737467232551685,
    -0.05230360707508069,
    -0.05058840498197473,
    -0.04838126273191066,
    -0.04902686430625212,
    -0.0508892884586688,
    -0.0487198264553025,
    -0.04510645745610444,
    -0.04633406267441937,
    -0.05079916533913148,
    -0.046540324599452204,
    -0.04594541714207369,
    -0.04664012057083651,
    -0.045428377169594095,
    -0.044772518185928346,
    -0.043328333572394205,
    -0.04310435690554523,
    -0.037138062765319654,
    -0.038774716440432865,
    -0.04346220597642422,
    -0.04331988814260678
  ]
}