{
  "train_loss": [
    1.3479622696575366,
    1.2147995672727887,
    1.1677310168743134,
    1.1366679558628483,
    1.1304656580874795,
    1.1225127515039945,
    1.12075401764167,
    1.1156030187481327,
    1.1028519021837335,
    1.1055053660744114,
    1.1059595189596478,
    1.102488310713517,
    1.1050987086798016,
    1.109006360957497,
    1.106058762261742,
    1.0994632448020734,
    1.0964465282465283,
    1.098665359773134,
    1.0963771076578843,
    1.0950085583486056,
    1.0941896799363588,
    1.0965362944101031,
    1.0970704241802818,
    1.093993593203394,
    1.0905701627856808,
    1.0884485307492708,
    1.097509829621566,
    1.0996790512611991,
    1.0982264954792826,
    1.0971373476480182,
    1.1059243255539943,
    1.1075391894892643,
    1.1088810939537852,
    1.11055631229752,
    1.1048380340400494
  ],
  "val_loss": [
    1.2500797008213245,
    1.1827877320741351,
    1.145269644887824,
    1.1270083000785427,
    1.1212018163580644,
    1.1179673546238948,
    1.1174466170762714,
    1.1055848159288104,
    1.10181556877337,
    1.104970003429212,
    1.1012772572667975,
    1.1005549681814093,
    1.1088367073159469,
    1.1077386768240678,
    1.106291049405148,
    1.0974984043522884,
    1.1016381790763454,
    1.1000216571908248,
    1.096940329200343,
    1.0955250890631425,
    1.0967288205498142,
    1.0987756503255743,
    1.0939384008708752,
    1.088369319313451,
    1.0854966828697605,
    1.095280597084447,
    1.096598600086413,
    1.1004298548949392,
    1.096445121263203,
    1.0955946194498163,
    1.1083587470807528,
    1.1063131846879657,
    1.1102129409187718,
    1.1087384223937988,
    1.1037557125091553
  ],
  "val_mae": [
    0.8885657787322998,
    0.8549188312731291,
    0.8361599225746957,
    0.8270297395555597,
    0.8241260051727295,
    0.8225087648943851,
    0.8222478220337316,
    0.8163173763375533,
    0.8144327653081793,
    0.8160100234182257,
    0.8141635907323737,
    0.8138024618751124,
    0.8179435792722201,
    0.8173943224706148,
    0.8166710546142176,
    0.8122741736863789,
    0.8143440861450998,
    0.8135357906943873,
    0.8119951361104062,
    0.8112875160418058,
    0.8118894068818343,
    0.8129128154955412,
    0.810494181356932,
    0.8077096092073541,
    0.8062733160822015,
    0.8111654896485178,
    0.8118242527309217,
    0.8137398895464445,
    0.8117475509643555,
    0.8113227580723009,
    0.8177043387764379,
    0.8166815481687847,
    0.8186314294212743,
    0.81789420466674,
    0.8154028089422929
  ]
}