{
  "train_loss": [
    456.5819070339203,
    47.50421521067619,
    4.391155722240607,
    2.5865905756751695,
    2.434006303548813,
    2.3784387558698654,
    2.31970210497578,
    2.2765485669175782,
    2.2380064787964025,
    2.2338338332871595,
    2.207626565049092,
    2.1653399815162024,
    2.135999529312054,
    2.086316552013159,
    2.0752357679108777,
    2.080710851897796,
    2.0474576900402703,
    2.0647656433284283
  ],
  "val_loss": [
    4.719640487118771,
    1.2758658151877553,
    1.2342346687065928,
    1.280800433535325,
    1.2905158682873374,
    1.4059319700065411,
    1.740569371926157,
    2.219318733599625,
    2.6377108277458894,
    2.928584823286847,
    3.003808220554339,
    2.370120486587678,
    3.0471497485414147,
    2.9691638837715515,
    3.2223975430732885,
    3.331858308177049,
    2.7978969360456656,
    3.210176654454125
  ],
  "train_auc": [],
  "val_auc": []
}