{
  "auc_3mo": 0.8593382352941177,
  "precision_3mo": 0.0,
  "recall_3mo": 0.0,
  "auc_6mo": 0.7969854469854469,
  "precision_6mo": 0.0,
  "recall_6mo": 0.0,
  "auc_12mo": 0.6164360331026998,
  "precision_12mo": 0.0,
  "recall_12mo": 0.0,
  "auc_24mo": 0.4461331281262024,
  "precision_24mo": 0.38047138047138046,
  "recall_24mo": 1.0,
  "mean_auc": 0.6797232108771167,
  "mean_recall": 0.25,
  "n_params": 414346,
  "final_train_loss": 2.0647656433284283,
  "final_val_loss": 3.210176654454125,
  "best_val_loss": 1.2342346687065928,
  "config": {
    "seq_len": 60,
    "stride": 5,
    "epochs": 100,
    "batch_size": 16,
    "lr": 0.0001,
    "hidden_dim": 64,
    "n_gat_heads": 4,
    "n_gat_layers": 3,
    "n_transformer_heads": 4,
    "n_transformer_layers": 4,
    "n_regimes": 3,
    "dropout": 0.1,
    "patience": 15
  }
}